{
  "title": {
    "设计与实现": 4.005240452151387,
    "系统": 0.8375191041820921
  },
  "abstract": {
    "系统": 0.3033269680599349,
    "开发": 0.16618978430180303,
    "管理": 0.09504782494826028,
    "设计": 0.09471718831634178,
    "进行": 0.08455068087838377,
    "数据": 0.07236781486859335,
    "模块": 0.06348913192759684,
    "基于": 0.061898156192889346,
    "测试": 0.06105496294264818,
    "技术": 0.058309953500795236,
    "分析": 0.05493100316008749,
    "数据库": 0.05205414594130826,
    "信息化": 0.05177929860334609,
    "功能": 0.04727603544162988,
    "平台": 0.04455870734641388,
    "设备": 0.04418860262699291,
    "应用": 0.04098892971064725,
    "本文": 0.03587546475451611,
    "工作": 0.03336582850229749,
    "移动": 0.029714891798460947,
    "主要": 0.02954705809140879,
    "监测": 0.02936634453993306,
    "研究": 0.02854560607125659,
    "税务": 0.028130940104591905,
    "运行": 0.02778197058763275,
    "方式": 0.027170321563312543,
    "企业": 0.02666601082588207,
    "设计与实现": 0.026555551498800418,
    "完成": 0.026504980326218494,
    "需求": 0.026364202649938485,
    "业务": 0.025974751341942357,
    "采用": 0.025972718684856087,
    "控制": 0.023443016773756705,
    "功能架构": 0.022968816413681935,
    "提高": 0.022224588994788245,
    "发展": 0.021165837833537024
  },
  "key_word": {
    "关键词": 1.336138888184141,
    "管理": 0.08379224196010536,
    "模式": 0.07740395752267054
  },
  "heading1": {
    "系统": 0.4495794159938853,
    "绪论": 0.29483912872045465,
    "设计与实现": 0.20639529599386922,
    "系统研究": 0.19965531184484053,
    "总体设计": 0.18458747636003076,
    "分析": 0.12367588668947907
  },
  "heading2": {
    "系统": 0.31226821520498976,
    "开发": 0.15474622571549124,
    "本章": 0.15160368256712473,
    "小结": 0.1168103912559796,
    "模块": 0.11159170802494726,
    "分析": 0.08347682445728684,
    "总体设计": 0.0830198903768456,
    "设计": 0.07868141935632805,
    "研究": 0.06840368078931255,
    "数据库": 0.06622382984882073,
    "论文": 0.058325288191855736,
    "国内外": 0.057855103764380335,
    "主要": 0.0564087600922827,
    "现状": 0.05404907655256401,
    "功能": 0.051536267743280455,
    "课题": 0.04873212258661722,
    "需求": 0.04581950046119657,
    "管理": 0.043378459100415656,
    "结构": 0.040869549891376936,
    "研究背景": 0.03822658427398183,
    "测试": 0.03696766017626412,
    "研究内容": 0.036262712630925946,
    "工作": 0.03228000145894266,
    "技术": 0.030166870974497852,
    "功能性": 0.030153866258208296,
    "设计与实现": 0.025143349228144544,
    "测试环境": 0.02273543126353842,
    "意义": 0.0222897668369959,
    "平台": 0.0216588545631315,
    "背景": 0.02157577160888254,
    "系统研究": 0.019371711756949704,
    "设备": 0.01900819889522481,
    "总结": 0.017173101374224238,
    "本文": 0.016157481301838045,
    "功能需求": 0.01546950157716371,
    "环境": 0.014814928272248801,
    "组织": 0.01455551954618989,
    "框架": 0.014402064456172647,
    "系统架构设计": 0.014137921791215785,
    "目标": 0.014006006988632939,
    "算法": 0.013421113231147627
  },
  "heading3": {
    "系统": 0.051514208361958434,
    "设计": 0.0374267488757478,
    "模块": 0.03395300802931152,
    "开发": 0.02577557784345965,
    "管理": 0.024292673978335868,
    "数据库": 0.01986151741506047,
    "测试": 0.018362942124683135,
    "功能": 0.014758856299374718,
    "需求": 0.013839138578955034,
    "查询": 0.013224411301552313,
    "界面": 0.013224411301552313,
    "功能需求": 0.013068518883680352,
    "架构设计": 0.013068518883680352,
    "数据": 0.012825040220129619,
    "技术": 0.012787508379016129,
    "目标": 0.012327671995559238,
    "性能": 0.011856097559852693,
    "分析": 0.011839244307873273,
    "主要": 0.011730686497241237,
    "非功能需求": 0.010856257129897132,
    "架构": 0.010824016050791566,
    "模式": 0.010744166137760029,
    "用户": 0.010376266837563528,
    "现状": 0.009947724332970545,
    "划分": 0.00958908454737606,
    "功能设计": 0.009351070908527659,
    "信息管理": 0.009351070908527659,
    "关系": 0.008732300508984445,
    "原则": 0.008509698963968634,
    "算法": 0.008182773528896093,
    "模型": 0.00802970874307659,
    "接口": 0.007841111330208211,
    "框架": 0.007602414883464725,
    "数据表": 0.007410548365800427,
    "处理": 0.007184015210275249,
    "功能性": 0.007138363691698154,
    "基本": 0.006851122367733129,
    "文件": 0.006534259441840176,
    "登录": 0.006534259441840176,
    "通信": 0.006534259441840176,
    "业务": 0.006338165861682665,
    "系统管理": 0.006073698719530937,
    "功能测试": 0.006073698719530937,
    "功能架构": 0.006073698719530937,
    "运行": 0.005902073135863432,
    "修改": 0.005844419317829787,
    "环境": 0.005838320757090836,
    "流程": 0.005788754002975963,
    "特点": 0.005709702118569581,
    "简介": 0.005592660422818453,
    "平台": 0.005454366126059794,
    "控制": 0.005426865663149951,
    "建立": 0.0053578053942947845,
    "指标体系": 0.005226630601375885,
    "服务": 0.00515656769699922,
    "设备": 0.00515656769699922,
    "结构": 0.005136443343141318,
    "定义": 0.005098416400057201,
    "基础": 0.004944918545931408,
    "纳税人": 0.004813292355567321,
    "对象": 0.004681360224285738,
    "基于": 0.00464361821146374,
    "存储": 0.004503806044906555,
    "硬件": 0.004503806044906555,
    "角色": 0.004503806044906555,
    "意义": 0.004219959577882728,
    "连接": 0.0041420951858170485,
    "设置": 0.004051450347431842,
    "选择": 0.003974969532315776,
    "要求": 0.003897015859838229
  },
  "main_text": {
    "系统": 0.01922356399756679,
    "数据": 0.017480120334382024,
    "进行": 0.013629986974687779,
    "用户": 0.013383027113341847,
    "开发": 0.01240212970830313,
    "数据库": 0.010954421823592618,
    "模块": 0.010498877315074404,
    "信息": 0.010375042424394978,
    "管理": 0.009473493366742794,
    "设备": 0.007877983711519982,
    "功能": 0.007858731543306643,
    "服务器": 0.007588912496967879,
    "分析": 0.00725407491602571,
    "查询": 0.006987230909741204,
    "文件": 0.00677559915896739,
    "需要": 0.006391537624026149,
    "使用": 0.006265000426384739,
    "主要": 0.006187966399292398,
    "所示": 0.006185832755437492,
    "界面": 0.005948193423044747,
    "操作": 0.005734381718174523,
    "客户端": 0.005376717411549516,
    "设计": 0.005202428049583085,
    "测试": 0.005186864021642077,
    "如图": 0.005115773072746979,
    "应用": 0.005105540040193518,
    "运行": 0.00493749343823679,
    "提供": 0.00445738996881339,
    "平台": 0.004403750193638882,
    "处理": 0.004290578110161856,
    "企业": 0.004122699978238893,
    "代码": 0.0037568015547585223
  }
}