{
  "title": {
    "研究": 0.5039861450888279,
    "调查研究": 0.3766336818515369,
    "体育": 0.18193135263383575,
    "为例": 0.09807994493714856,
    "鞍山市": 0.09515208806340272,
    "对策": 0.0875217586459071,
    "现状": 0.0875217586459071
  },
  "abstract": {
    "体育": 0.11272345782421973,
    "发展": 0.09634291745781041,
    "研究": 0.08688110452773343,
    "进行": 0.07952369634532183,
    "文献资料法": 0.0748132420802729,
    "教师": 0.06167543001861367,
    "学生": 0.058131331724084405,
    "社会": 0.05466661904401845,
    "教育": 0.054171409057722913,
    "教学": 0.045494807382022155,
    "运动": 0.04509711295419729,
    "幼儿园": 0.04508580000937681,
    "能力": 0.04058357677405934,
    "幼儿": 0.0387442597570739,
    "课程": 0.03801345772882204,
    "体育教师": 0.036763288430179696,
    "访谈法": 0.03659351459338781,
    "学习": 0.036017408641268525,
    "提高": 0.03589996777334978,
    "问题": 0.03436187990798197,
    "分析": 0.033063604358024815,
    "学校": 0.03292689944500165,
    "提出": 0.029137705737510414,
    "我国": 0.028940999620731548,
    "调查": 0.02872858695372154,
    "健康": 0.02549551901662433,
    "影响": 0.02538650712832788,
    "专业": 0.02431130585398213,
    "水平": 0.024216698943264944,
    "农村": 0.023623091172268833,
    "因素": 0.022776971731072036,
    "方面": 0.02233385642210104,
    "现状": 0.022307452011665882,
    "研究方法": 0.021999433029239006,
    "培养": 0.02037983207382001,
    "乒乓球": 0.01982315717658681,
    "活动": 0.019652383294140374,
    "本文": 0.01949730328864659,
    "主要": 0.01898276400704795,
    "质量": 0.018619084778255697,
    "参与": 0.018605410271588945,
    "情况": 0.01835968079438146,
    "建议": 0.017866225507702515,
    "促进": 0.017418363280457417,
    "程度": 0.016982743204246004,
    "科学": 0.01631106069067436,
    "提供": 0.015944010929270766,
    "存在": 0.015118467252927563,
    "相关": 0.014701388203759764,
    "基础": 0.014501505845629693,
    "问卷调查": 0.014276506077793514,
    "综合": 0.014195911368208506,
    "生活": 0.013624520038995787,
    "重要": 0.013483782684865438,
    "知识": 0.013380342911073508,
    "幼儿教师": 0.013340820983927658,
    "工作": 0.013151692281564932,
    "场地设施": 0.012957552479489562,
    "管理": 0.012784478590360917
  },
  "key_word": {
    "关键词": 1.3370711341631003,
    "体育": 0.17269313005083817,
    "幼儿园": 0.09699946300331291,
    "教育": 0.06704107375238057,
    "对策": 0.06336105637341898
  },
  "heading1": {
    "分析": 0.26861465782295363,
    "研究": 0.23998259492786642,
    "对象": 0.21215847793711162,
    "建议": 0.2074429305074509,
    "结论": 0.19465697038104765,
    "文献综述": 0.1446869493642293,
    "前言": 0.1405889753243575,
    "研究结果": 0.1302711298862927,
    "方法": 0.11109465778795224,
    "研究方法": 0.10829146387198024,
    "现状": 0.08221947617173792,
    "研究设计": 0.049229394748379215
  },
  "heading2": {
    "研究": 0.2076444994277486,
    "研究方法": 0.1356425037468744,
    "分析": 0.0622368650475244,
    "对象": 0.06047778747118479,
    "现状": 0.055646763658449415,
    "文献综述": 0.04848073931533923,
    "体育": 0.04767526684138742,
    "相关": 0.044966246983132584,
    "概念": 0.03168414979439157,
    "选题": 0.030892724011785996,
    "意义": 0.030376106366854783,
    "界定": 0.02984165184105956,
    "结论": 0.02937314325391163,
    "教育": 0.02817307154700701,
    "发展": 0.027091169115034452,
    "问题": 0.02691696564236334,
    "建议": 0.026764860442776442,
    "幼儿": 0.026555136789674725,
    "研究目的": 0.02603524985735949,
    "研究背景": 0.022770051968708294,
    "情况": 0.02172324357914439,
    "研究意义": 0.021050690642043297,
    "幼儿教师": 0.018994280962159205,
    "依据": 0.01891427112470613,
    "研究内容": 0.015448038909872007,
    "教师": 0.015081462529820906,
    "鞍山市": 0.014753592947589957,
    "教学": 0.014260170327068618,
    "乒乓球": 0.012754861621524649,
    "幼儿园": 0.012675883390814359,
    "存在": 0.012164629365559438,
    "课程": 0.01140051407458433,
    "影响": 0.010821218576151662,
    "体育锻炼": 0.01072989559960878,
    "调查": 0.009807316771596717,
    "因素": 0.009410212328707802,
    "加强": 0.009291687778403853,
    "专业": 0.009167163498518588,
    "能力": 0.009073874496610145,
    "运动": 0.009072295263094115,
    "现状分析": 0.008498671184356257,
    "文献资料法": 0.00830468201597997,
    "提高": 0.007935836368929338,
    "水平": 0.007860155416671311,
    "农村": 0.007790742685191574,
    "社会": 0.007783684231612238,
    "影响因素": 0.007705602661472974,
    "健康": 0.007471301981371622,
    "游戏": 0.007356453383962719,
    "体育教师": 0.007356453383962719,
    "学习": 0.007087058146667339,
    "实施": 0.0070824933501741575,
    "结构": 0.007078584292405322,
    "理论": 0.0068590884473008745,
    "方式": 0.006314281460857479,
    "基本": 0.0062111320024993396,
    "综合": 0.006074400203698979,
    "活动": 0.005998193988050275,
    "提出": 0.005727743295269056,
    "我国": 0.005726246884705617,
    "家庭": 0.00566964651733387,
    "特点": 0.0056577808380077295,
    "职业": 0.005598554778385816,
    "国内外": 0.005573946520690144,
    "对策": 0.005533525161825289,
    "大学": 0.005420544598709372,
    "行为": 0.005324030410071092,
    "比较": 0.005317818252818562,
    "广州地区": 0.005058121293271376,
    "数学": 0.005033362841658702,
    "调查分析": 0.0049178688164873575,
    "高校": 0.0049178688164873575,
    "方法": 0.004917023775392424,
    "目的": 0.004839476765415864,
    "建设": 0.004721662233449438,
    "环境": 0.0046328438096571905,
    "差异": 0.0045354046416388235,
    "有效": 0.004470789833170326,
    "立体几何": 0.004470789833170326,
    "开展": 0.004363640827074043,
    "实验": 0.004278541105360627,
    "学校": 0.0042472503415118094,
    "认知": 0.004109723550782994,
    "目标": 0.004047830069750282,
    "场地设施": 0.004023710849853293,
    "主要": 0.003917708129137123,
    "程度": 0.003850382253406805
  },
  "heading3": {
    "文献资料法": 0.06529698027942617,
    "研究": 0.0361530163534511,
    "访谈法": 0.03549215706318752,
    "分析法": 0.02189797684734597,
    "情况": 0.01825020623123774,
    "发展": 0.01592570235122514,
    "现状": 0.014598432924168249,
    "分析": 0.01392343445554585,
    "学习": 0.012922083771529142,
    "活动": 0.01273307508981977,
    "国外": 0.01258868440237505,
    "国内": 0.012481588548218894,
    "体育": 0.012441243460789526,
    "研究意义": 0.0114746163413143,
    "教师": 0.01132306655794285,
    "提高": 0.0104544547909313,
    "教学": 0.010439351552384046,
    "相关": 0.009797534210059517,
    "教育": 0.008296186997712552,
    "理论意义": 0.0077935892145860695,
    "参与": 0.0073797296690472245,
    "实践": 0.007370927672138,
    "加强": 0.007311842490540702,
    "专家": 0.007004330919943236,
    "意识": 0.006860029004012214,
    "影响": 0.0068372210466999764,
    "社会": 0.0067484431312024185,
    "方式": 0.006464951747013578,
    "完善": 0.006462458747401071,
    "研究目的": 0.006126821638041877,
    "培养": 0.005873522464112158,
    "概念": 0.005873522464112158,
    "能力": 0.005849168041191071,
    "学校": 0.005651253591364638,
    "逻辑": 0.00545810859190171,
    "运动": 0.0054443379282419725,
    "影响因素": 0.005294337723764708,
    "形式": 0.005230124990204307,
    "课程": 0.00519839722853281,
    "水平": 0.005173628121655333,
    "因素": 0.005011453692929506,
    "基本": 0.004935334966711906,
    "实施": 0.004884723744561481,
    "学生": 0.004702127214072743,
    "存在": 0.004582811040518198,
    "调查": 0.0045535493219748605,
    "理论": 0.004490864434655762,
    "幼儿园": 0.004323980627980681,
    "对象": 0.004312908040045718,
    "促进": 0.004287791795881789,
    "建立": 0.004244252440807742,
    "评价": 0.004039553088231514,
    "观念": 0.0038126748318800035,
    "提升": 0.00375286149418658,
    "科学": 0.0036982561950911906,
    "时间": 0.003696782920956818,
    "内容": 0.0036484973418251863,
    "我国": 0.0036484973418251863,
    "目标": 0.0035816176397292796,
    "问题": 0.003560630217951784,
    "调查对象": 0.0035439422708101,
    "方面": 0.003517716981092966,
    "健康": 0.003445746396938827,
    "建设": 0.0034438004645074827,
    "环境": 0.0034286266114261425,
    "机制": 0.003378674713137286,
    "状况": 0.0033776798872980707,
    "工作": 0.0033470608855127922,
    "组织": 0.0033023920820716025,
    "研究方法": 0.0032627890987439404,
    "幼儿": 0.0032553188405118993,
    "开展": 0.0032553188405118993,
    "培训": 0.0032553188405118993,
    "文化": 0.0032553188405118993,
    "专业": 0.0032553188405118993,
    "行为": 0.003237642793503175,