{
  "title": {
    "研究": 0.5787365457395646,
    "基于": 0.1263502204716905,
    "物流": 0.08867912263238828,
    "问题": 0.08867912263238828
  },
  "abstract": {
    "消费者": 0.09036053306716811,
    "企业": 0.061872701354257216,
    "进行": 0.047944466746462466,
    "物流": 0.045635452780452786,
    "研究": 0.04412225142201475,
    "平台": 0.04232100703847485,
    "本文": 0.03597585594410154,
    "利润": 0.03566004189691298,
    "公司": 0.03559162257623325,
    "需求": 0.0328158986236942,
    "成本": 0.032583609139638925,
    "问题": 0.03209978520079631,
    "决策": 0.029724024885670292,
    "策略": 0.029423847245959478,
    "发展": 0.029273487864804465,
    "分析": 0.02816955069172998,
    "情况": 0.02785785572680011,
    "用户": 0.027062459130571596,
    "产品": 0.025566861793447103,
    "商品": 0.025520503921235303,
    "竞争": 0.024515331861270837,
    "运营": 0.023621807601184434,
    "模型": 0.022226978005867454,
    "运输": 0.022161803618026447,
    "帮助": 0.021958140890115562,
    "提供": 0.0217782553173918,
    "业务流程": 0.021575973705844347,
    "库存": 0.020497175020552132,
    "优化": 0.020012735448847834,
    "使用": 0.019996818115193254,
    "影响": 0.01987702007475287,
    "市场": 0.019763577561977105,
    "求解": 0.01871099649618603,
    "销售": 0.018519991007382164,
    "服务": 0.01799358590353683,
    "乡村": 0.01758806104778418,
    "概率": 0.01726666840107946,
    "网络": 0.01611195173051158,
    "算法": 0.015937650686742348,
    "数据": 0.015867483949138485,
    "评论": 0.015256517318105178,
    "定价": 0.014532184617557854,
    "归属": 0.013529277729064757,
    "基于": 0.013415215438884617,
    "发现": 0.013219559571606731,
    "实际": 0.013133420329791562,
    "不同": 0.012633273278117483
  },
  "key_word": {
    "关键词": 0.5928671554698701,
    "物流": 0.11509994392410601,
    "策略": 0.10552640346643534
  },
  "heading1": {
    "分析": 0.2059785807016462,
    "总结": 0.1938325012777804,
    "绪论": 0.18915603128158084,
    "优化": 0.1641159248323804,
    "展望": 0.13658578817113068,
    "致谢": 0.12243635804370726,
    "算法": 0.10589813401571022,
    "建模": 0.08471850721256817,
    "文献综述": 0.07694223370525301,
    "模型": 0.07476535075281947,
    "国内外": 0.05972044590039955,
    "物流": 0.05437510948395994,
    "特征分析": 0.05437510948395994,
    "网络": 0.04561039134101989,
    "销售": 0.03453876368145397,
    "问题": 0.028923379773129174,
    "总体设计": 0.027634254898559876,
    "生产率": 0.02737132262818717,
    "现状": 0.023749036243405183,
    "研究": 0.021090807588023605,
    "对比": 0.018316945509716808,
    "设计": 0.017622362171703137
  },
  "heading2": {
    "研究": 0.10700765805619192,
    "研究背景": 0.062311089353830916,
    "分析": 0.06096152602767304,
    "研究内容": 0.055634423413389325,
    "小结": 0.05236674926623848,
    "问题": 0.05218743469586345,
    "研究目的": 0.04877738000269459,
    "模型": 0.04024810156621659,
    "总结": 0.03855442851450059,
    "优化": 0.033254107502792646,
    "研究意义": 0.03306628722649839,
    "物流": 0.03169418745736252,
    "展望": 0.02967946101754153,
    "描述": 0.02755675056411603,
    "研究方法": 0.024603257172726396,
    "本章": 0.020918262433634875,
    "价格": 0.020024675752866553,
    "对比": 0.019878360966314852,
    "意义": 0.018167923948641113,
    "网络": 0.017669654192279872,
    "背景": 0.016895533300516335,
    "业务流程": 0.014159584015913771,
    "决策": 0.013583223196012508,
    "设计": 0.0134213672457295,
    "全文": 0.013278160812212697,
    "方法": 0.012977730786198672,
    "国内外": 0.01243299807658326,
    "模式": 0.012272355436316962,
    "现状": 0.012233506328946797,
    "参数": 0.012201816185820672,
    "供应链": 0.01212684084082228,
    "理论研究": 0.010375695448573724,
    "设定": 0.010375695448573724,
    "竞争": 0.010375695448573724,
    "需求": 0.010286808466873002,
    "算法": 0.010012337876433276,
    "基本": 0.008878817162727719,
    "情感": 0.008627986967785571,
    "协调": 0.008627986967785571,
    "市场": 0.00832371641639373,
    "结构": 0.00803708200917854,
    "策略": 0.00786583513786416,
    "政策": 0.007663060085097658,
    "模型构建": 0.007663060085097658,
    "基于": 0.007612881428190045,
    "共同": 0.007595829924416745,
    "内容": 0.0071344803740826124
  },
  "heading3": {
    "研究内容": 0.030404125366611412,
    "分析": 0.023788692882189197,
    "研究": 0.015745463167585974,
    "算法": 0.01536546127973863,
    "技术": 0.015341496896074861,
    "方法": 0.013313693410801413,
    "优化": 0.012780483774556607,
    "数据选取": 0.011972919876495788,
    "路线": 0.011621676671202459,
    "相关": 0.011312486635707754,
    "物流": 0.01108694009915343,
    "研发": 0.010895569811398888,
    "决策": 0.009959403832279484,
    "模型": 0.008233691691757632,
    "业务": 0.008172301131081154,
    "研究意义": 0.008084350469892447,
    "网络": 0.007921545610546397,
    "用户": 0.007512734696756772,
    "研究方法": 0.0074627748089999965,
    "业务流程": 0.0062450734460397775,
    "团队": 0.0062450734460397775,
    "时间": 0.005609390343362702,
    "新能源": 0.005580939832458316,
    "协调": 0.005447784905699444,
    "问题": 0.005303487474487364,
    "公司": 0.005230362390613876,
    "绩效": 0.005230362390613876,
    "整体": 0.005191115324832155,
    "生产": 0.005191115324832155,
    "管理": 0.005169711501820172,
    "水平": 0.005006906642474119,
    "基本原理": 0.004981401007345641,
    "生产率": 0.004949103613111247,
    "数据": 0.004858923671373946,
    "设计": 0.00478969233045931,
    "供应商": 0.004317267393764181,
    "路线图": 0.004317267393764181,
    "发展": 0.004085556231944294,
    "预处理": 0.003947666898848718,
    "文献综述": 0.00392744288613802,
    "动力学": 0.0038071513121400577,
    "重要性": 0.0038071513121400577,
    "描述性统计": 0.003774694268063266
  },
  "main_text": {
    "物流": 0.010250031185991031,
    "消费者": 0.009694929012997051,
    "配送": 0.008881892219857383,
    "企业": 0.00844322508959811,
    "进行": 0.006890210285081591,
    "平台": 0.006558408658037156,
    "算法": 0.006326342191032286,
    "成本": 0.0054722878024753095,
    "研究": 0.005374801740733451,
    "问题": 0.005228537466068814,
    "车辆": 0.005162627708115739,
    "时间": 0.0050968494954348855,
    "概率": 0.004956799809139702,
    "订单": 0.004548171516912841,
    "产品": 0.004455256375514771,
    "需求": 0.004256666415860115,
    "服务": 0.004211341665634384,
    "优化": 0.004173794873715707,
    "模型": 0.004171401918788362,
    "市场": 0.004114904701590891,
    "信息": 0.004039825269085787,
    "客户": 0.003849250944638023,
    "价格": 0.003808037518208113,
    "用户": 0.003805949404945857,
    "情况": 0.00377839230700256,
    "影响": 0.003744444387650441,
    "销售策略": 0.003652035355660963,
    "运输": 0.0034701840410467457,
    "分析": 0.0033734228917412963,
    "数据": 0.003365397615277664,
    "公司": 0.003352537778100392,
    "求解": 0.0032901911072051,
    "供应商": 0.003155585987809031,
    "策略": 0.003133521584873467,
    "网络": 0.0031334229765585257,
    "本文": 0.003129506923852153,
    "考虑": 0.003071268293375102,
    "汽车": 0.0029798389024330084,
    "调度": 0.0029544272324502547,
    "库存": 0.0029194111028995186,
    "不同": 0.0028633657992468637,
    "最优": 0.002817430338167019,
    "选择": 0.002745430348688067,
    "利润": 0.002671096636947865,
    "生产": 0.002646817533027878,
    "使用": 0.0026062568082947067,
    "销售": 0.0025563923108469174,
    "生产商": 0.0025157056476553903,
    "商品": 0.0024766657901781823,
    "基于": 0.002435411327510678,
    "主要": 0.0024222278900966968,
    "得到": 0.0023962227141625615,
    "共享": 0.002325082327561485,
    "增加": 0.00231319265872172,
    "管理": 0.0022937335722195145,
    "传统": 0.0022005750385928093,
    "评论": 0.002125085001792801,
    "交付": 0.0021159298332402263,
    "生鲜": 0.0020764650739095226,
    "决策": 0.002054485465256502,
    "需要": 0.002047663586302607,
    "京东": 0.0020293941755687977,
    "所示": 0.002018438982110597,
    "节点": 0.0020006333979543495,
    "迭代": 0.0019741755892199605,
    "存在": 0.0018748411418018987,
    "确定": 0.0018340478054768967,
    "发展": 0.0018203655935554502,
    "新能源": 0.0018051876768765413
  }
}