{
  "title": {
    "影响分析": 0.4344938897038618,
    "实证研究": 0.3951129031449216,
    "企业": 0.21293864465295215,
    "基于": 0.20958747724461002,
    "上市公司": 0.19170100794080075,
    "影响": 0.135240389123351,
    "绩效": 0.10557499708359759,
    "研究": 0.07962248182910174,
    "我国": 0.07653930189935759,
    "中国": 0.06232263877045978,
    "影响因素分析": 0.04239874332666492,
    "经济": 0.03941917088343814,
    "社会": 0.03344179257047121
  },
  "abstract": {
    "影响": 0.14004513558087814,
    "研究": 0.13233386424447374,
    "企业": 0.12950874453370714,
    "发展": 0.1008190960447298,
    "我国": 0.08968872008314314,
    "经济": 0.0871952769890283,
    "本文": 0.08711840956775019,
    "进行": 0.07947597992839626,
    "上市公司": 0.07236505771603002,
    "实证研究": 0.0682089813885881,
    "分析": 0.05729078342252399,
    "理论": 0.05378401193834996,
    "关系": 0.04842333986975693,
    "相关": 0.03808770667585435,
    "公司": 0.03741102782675887,
    "绩效": 0.03529746289657578,
    "模型": 0.03521460270074014,
    "投资": 0.03218520017231141,
    "增长": 0.030938542016181167,
    "问题": 0.030745663894317283,
    "市场": 0.030373136871986717,
    "中国": 0.02943874948010312,
    "之间": 0.02783324345251836,
    "作用": 0.02690037849824742,
    "显著": 0.02562350408173154,
    "环境": 0.025217447194745817,
    "重要": 0.023534482001214323,
    "存在": 0.02296997526433849,
    "社会": 0.022892974381147936,
    "提出": 0.022661342640515118,
    "具有": 0.02199356126331456,
    "融资": 0.021140540262528772,
    "地区": 0.0203922902549711,
    "基础": 0.01993193754038862,
    "因素": 0.019929682793306924,
    "方面": 0.019578699674911996,
    "效应": 0.019469090618180217,
    "产业": 0.01942884486144537,
    "结论": 0.019365011216798924,
    "提高": 0.018527228122276817,
    "发现": 0.01850848167013205,
    "建议": 0.018498403986155012,
    "主要": 0.018404600347118282,
    "薪酬": 0.01828920910122392,
    "政策": 0.01814545012103153,
    "程度": 0.017838344752962677,
    "房地产": 0.017578678273337457
  },
  "key_word": {
    "关键词": 1.277299281434485,
    "绩效": 0.08212336946652607,
    "上市公司": 0.0769937603957573,
    "模型": 0.06616305540210018,
    "企业": 0.05144362005719433,
    "社会": 0.03533529835028419,
    "经济": 0.03168642018050136,
    "融资": 0.02927668806113698,
    "投资": 0.027887830365438106,
    "实证研究": 0.02722140504244611,
    "影响因素": 0.026623099677465498,
    "效应": 0.02645671888655709,
    "房地产": 0.02465423211955365
  },
  "heading1": {
    "实证研究": 0.3368871028175532,
    "文献综述": 0.22827657574104554,
    "绪论": 0.19952410624098219,
    "理论": 0.18648783718829506,
    "分析": 0.1534073873474829,
    "结论": 0.11188038740521226,
    "研究": 0.09781842669529743,
    "研究设计": 0.09537585003882029,
    "理论假设": 0.07849279917300979,
    "影响": 0.0612377728134891,
    "建议": 0.06066979953111044,
    "相关": 0.05546920891811475,
    "企业": 0.05259403339581831,
    "展望": 0.03718242838565439,
    "政策": 0.03566070134405206,
    "我国": 0.03171889688822171,
    "上市公司": 0.028151990727444877,
    "实证结果": 0.027636482181297294,
    "基础": 0.02541938201889273,
    "影响分析": 0.021680553861419056,
    "经济": 0.021529285850339395,
    "发展": 0.021267927139106132,
    "中国": 0.020940095418461806,
    "致谢": 0.020691554639953296,
    "融资": 0.019038465502671468,
    "房地产": 0.017755294368691516,
    "模型构建": 0.01632617608897022,
    "增长": 0.015843250080684428,
    "绩效": 0.015483176215214327,
    "假设": 0.01504761917598621,
    "影响因素": 0.014982157034877987
  },
  "heading2": {
    "研究": 0.18416039122537667,
    "分析": 0.10727873006050141,
    "研究背景": 0.10724842242750698,
    "理论": 0.08517268915648593,
    "研究方法": 0.06903554127757269,
    "实证研究": 0.06603501745509058,
    "研究内容": 0.0547696845282546,
    "创新": 0.04576398943305497,
    "描述性统计": 0.04306193015017782,
    "模型构建": 0.041785255088140696,
    "理论假设": 0.03853989935384813,
    "小结": 0.037378843111698694,
    "模型": 0.035495407031654574,
    "结论": 0.034602150205234036,
    "文献综述": 0.0343865894514097,
    "意义": 0.033139456383154596,
    "相关": 0.03074709791978091,
    "影响": 0.029812721659714145,
    "数据来源": 0.029312167216440147,
    "研究意义": 0.027742175799032577,
    "企业": 0.026924816934515594,
    "相关性检验": 0.023910617974627676,
    "建议": 0.02352398090751879,
    "变量选取": 0.02165673917632922,
    "本章": 0.02150510673923901,
    "实证结果": 0.02148901130510688,
    "现状": 0.021234149045204133,
    "发展": 0.020240142723115244,
    "方法": 0.01982673134031728,
    "上市公司": 0.018955285716112567,
    "我国": 0.017856855698734467,
    "影响因素": 0.0177024268293828,
    "研究目的": 0.017551296963234965,
    "变量": 0.017098764209590087,
    "国内外": 0.016580330917398703,
    "政策": 0.01589091295370254,
    "思路": 0.014986671745722924,
    "结构": 0.014170167530121031,
    "数据": 0.0140195741290626,
    "经济": 0.013710083071681948,
    "不足": 0.013312711650218925,
    "本文": 0.012535231116772539,
    "相关性研究": 0.012325440284642464,
    "样本": 0.012223686192942548,
    "假设": 0.01181327751654516,
    "展望": 0.011734928118451792,
    "关系": 0.011579205952195446,
    "研究设计": 0.010969771092626096,
    "样本选择": 0.010233232981231974,
    "提出": 0.010212831548911486,
    "背景": 0.010146096341478181,
    "检验": 0.009794215373923406,
    "融资": 0.00967069449319606,
    "概念": 0.00941246906086071,
    "回归分析": 0.00939065861703108,
    "公司": 0.009386290087887706,
    "综述": 0.00933817264448785,
    "主要": 0.009027461990267162,
    "文献": 0.009024163859804932,
    "选择": 0.008989513624295951,
    "绩效": 0.008845104025674405,
    "界定": 0.008674069677419575,
    "框架": 0.008634462989268451,
    "中国": 0.008605606985678535,
    "产业": 0.00852572953388348,
    "选题": 0.007781073212417695,
    "基础": 0.007747111458633405,
    "技术": 0.007683015229685269,
    "选取": 0.007622902672931157,
    "投资": 0.007558299112798779,
    "数据选取": 0.00728522823089726,
    "机制": 0.00692112537592633,
    "效率": 0.006761806634942924,
    "问题": 0.006490886678486716,
    "房地产": 0.0064760597295529555,
    "研究问题": 0.006184614971538007,
    "效应": 0.0060939920096817115,
    "社会": 0.0059514700305922635
  },
  "heading3": {
    "研究方法": 0.08086292660663025,
    "研究意义": 0.04518749716445582,
    "研究": 0.04368874185389534,
    "研究内容": 0.039255777225324626,
    "研究背景": 0.03212133141508409,
    "理论": 0.027850851473294608,
    "相关性检验": 0.02655591089967361,
    "分析": 0.02541755312784824,
    "模型": 0.0242867956873808,
    "模型构建": 0.02162424669326513,
    "数据来源": 0.020826393172277358,
    "描述性统计": 0.01845627460439784,
    "变量": 0.01668385317726152,
    "影响": 0.015967518528589415,
    "创新": 0.01569270179804637,
    "控制变量": 0.015082784821916283,
    "国内": 0.014407077585171998,
    "实证研究": 0.01418692865813366,
    "企业": 0.013518656834621404,
    "被解释变量": 0.013480910801121978,
    "国外": 0.012778770235647599,
    "检验": 0.012566841280814924,
    "发展": 0.012029091625343115,
    "变量选取": 0.011611824527043284,
    "思路": 0.011592219721211152,
    "现状": 0.010156850644986707,
    "相关": 0.009273969391369532,
    "解释变量": 0.009214680464715918,
    "研究目的": 0.009085059256023247,
    "关系": 0.00870276494343103,
    "相关性研究": 0.008248946492495267,
    "经济": 0.008102671245092428,
    "回归分析": 0.007572671550692125,
    "选择": 0.007498525851280064,
    "协整检验": 0.007009844931565411,
    "选取": 0.0068039772387141016,
    "样本": 0.0063278121980953565,
    "影响因素": 0.006289684318889,
    "绩效": 0.006035810367329572,
    "实证结果": 0.005655702421429752,
    "指标": 0.005622884268457851,
    "结构": 0.00545138265593736,
    "公司": 0.005389260732814181,
    "效应": 0.005352189409578595,
    "数据选取": 0.005124566923787761,
    "技术": 0.005115395430884058,
    "背景": 0.00509732324721771,
    "机制": 0.005077572140661649,
    "数据": 0.005056567970133033,
    "方法": 0.005034029973331155,
    "理论假设": 0.005015836729188039,
    "我国": 0.005006918873040552,
    "文献综述": 0.004831608272926313,
    "存在": 0.0047585888924903995,
    "框架": 0.004738606893310147,
    "环境": 0.004737185213952741,
    "特征": 0.004695865685827681,
    "文献": 0.0046487977132158775,
    "国内外": 0.004636363841173316,
    "估计": 0.004607340232357959,
    "产业": 0.004607340232357959,
    "投资": 0.004527438323856247,
    "主要": 0.004394160973816268,
    "市场": 0.004358213681128044,