{
  "title": {
    "研究": 0.5333009584261309,
    "作用": 0.12059730220885198,
    "机制": 0.09668535349858974,
    "细胞": 0.08810211301945423,
    "表达": 0.07815477743969484,
    "影响": 0.06283104972290118,
    "大鼠": 0.029496692268491095,
    "基因": 0.022958701238236897,
    "功能": 0.022958701238236897,
    "调控": 0.022629885694495012,
    "小鼠": 0.019900238843932126,
    "合成": 0.019900238843932126,
    "不同": 0.016696456547101442,
    "应用": 0.016696456547101442,
    "分子": 0.01601938325646506,
    "诱导": 0.014239451783524499,
    "通路": 0.014239451783524499,
    "实验": 0.013963390823611458,
    "特性": 0.013319787487358953,
    "分析": 0.011764265833804941
  },
  "abstract": {
    "细胞": 0.13974832476073507,
    "表达": 0.1281313970058347,
    "研究": 0.08375545881906575,
    "蛋白": 0.05923787758278941,
    "实验": 0.051291487845135236,
    "进行": 0.047734952957335104,
    "检测": 0.04766152525355221,
    "作用": 0.047012517176833565,
    "影响": 0.04404860625729366,
    "显著": 0.04339329202585818,
    "组织": 0.040851016071089145,
    "方法": 0.0396815315945918,
    "不同": 0.036428022715821504,
    "对照组": 0.0360468990538276,
    "明显": 0.03546981209920973,
    "分别": 0.035072928567250104,
    "基因": 0.034305792923823894,
    "差异": 0.031114831632621975,
    "含量": 0.030803852373091578,
    "活性": 0.027637949732031496,
    "浓度": 0.02716935528458367,
    "水平": 0.027119429685213206,
    "采用": 0.025948839282068967,
    "具有": 0.025503534624519528,
    "结果显示": 0.022533459354579736,
    "抑制": 0.02214425082233099,
    "治疗": 0.02173232085928971,
    "变化": 0.02050432845363699,
    "分析": 0.018887946664110315,
    "增加": 0.018188555735653957,
    "结果表明": 0.018062900819184814,
    "降低": 0.017843696782080545,
    "主要": 0.01778748939126985,
    "机制": 0.017746719734525646,
    "大鼠": 0.017446996371132655,
    "发现": 0.016937336745639,
    "比较": 0.016863628790472155,
    "模型": 0.016567467347620334,
    "时间": 0.016208297227969754,
    "观察": 0.01591067683824008,
    "能力": 0.015825871612732013,
    "发生": 0.015784868521175128,
    "相关": 0.015405825842395415,
    "肿瘤": 0.015293483999398227,
    "重要": 0.014889060295626663,
    "升高": 0.014533554787851745,
    "结构": 0.014209289895784877,
    "提供": 0.0141271205547579,
    "技术": 0.01398049601574022,
    "利用": 0.013943827757241399,
    "分子": 0.013933804703145855,
    "增殖": 0.013852213534456396,
    "过程": 0.013659603663049445,
    "功能": 0.01307540354192918
  },
  "key_word": {
    "关键词": 1.1114662605373173,
    "细胞": 0.036594739088469976,
    "基因": 0.020247259292635694,
    "蛋白": 0.018703616964728588,
    "克隆": 0.015308677688383432,
    "因子": 0.012549917978631128,
    "荧光": 0.012148355575581415,
    "低氧": 0.011572272589915918,
    "病毒": 0.009919090791356503,
    "受体": 0.009919090791356503,
    "凋亡": 0.00924156720186055,
    "动力学": 0.009076746985046747,
    "遗传": 0.007158487173132519,
    "水稻": 0.007013856361773221,
    "胰岛素": 0.006807560238785063,
    "增殖": 0.006612727194237667
  },
  "heading1": {
    "结论": 0.1630683123857929,
    "前言": 0.1580548582851489,
    "部分": 0.11064327395554838,
    "研究": 0.10132712920165388,
    "方法": 0.08373614916076803,
    "材料": 0.07033075027784276,
    "讨论": 0.06747983958473082,
    "影响": 0.061423992356113295,
    "表达": 0.037501777295609405,
    "第一": 0.033715985473188215,
    "细胞": 0.029468257551910338,
    "第三": 0.02624584809051646,
    "文献综述": 0.02463336369190885,
    "不同": 0.02256504646379985,
    "引言": 0.020738779567255203,
    "大鼠": 0.01905566065747765,
    "分析": 0.01897872963761695,
    "绪论": 0.018408832787606827,
    "缩略词": 0.017807829017486534,
    "基因": 0.016229039917487843,
    "实验方法": 0.015860507110936124,
    "实验结果": 0.01583712645276123,
    "展望": 0.011834361929098165,
    "机制": 0.010237946011954881,
    "组织": 0.009967576343911386,
    "蛋白": 0.009964126758639742,
    "检测": 0.009701912896570276,
    "诱导": 0.009037823744692404,
    "变化": 0.008629186899510312,
    "作用": 0.008576430177772315,
    "凋亡": 0.008377859416849723,
    "建立": 0.00828029418922241,
    "总结": 0.008007903658980096,
    "实验": 0.00778257044681846,
    "制备": 0.00778257044681846,
    "特性": 0.007707481986656665,
    "干细胞": 0.00768858406316343,
    "第四": 0.007341988137945072,
    "调控": 0.00724525741556961,
    "小鼠": 0.007039599839074201,
    "合成": 0.006702287533479778,
    "模型": 0.006665675214898853,
    "对照表": 0.006108034961917307,
    "形态": 0.00593322239969389,
    "形成": 0.005278325580864404,
    "神经": 0.0051472342909359755,
    "体内": 0.004924224602586204,
    "病毒": 0.004820743199751286,
    "鉴定": 0.004710127880734629,
    "活性": 0.004710127880734629,
    "统计学": 0.004701967505976804,
    "英文": 0.004541677315531743
  },
  "heading2": {
    "方法": 0.1164270822720967,
    "讨论": 0.09056718304884141,
    "材料": 0.08678473412792409,
    "实验方法": 0.07533482483505113,
    "表达": 0.05460868655658846,
    "小结": 0.052023362537609426,
    "分析": 0.04773169103240791,
    "实验材料": 0.045583892468233196,
    "细胞": 0.0455139726770569,
    "研究": 0.041148048397148425,
    "实验": 0.03361756625318159,
    "实验结果": 0.03048350554917731,
    "影响": 0.029996006083536038,
    "试剂": 0.02429265313579823,
    "蛋白": 0.023456006396708508,
    "主要": 0.02335865463163358,
    "检测": 0.02272245057627966,
    "结果与讨论": 0.02014793789097008,
    "仪器": 0.01983621988754039,
    "研究进展": 0.019389334861324287,
    "组织": 0.015479528050263721,
    "比较": 0.014910702058805505,
    "意义": 0.012870327133029201,
    "大鼠": 0.012462717338444625,
    "作用": 0.011616433593435425,
    "引言": 0.011385393840683315,
    "实验部分": 0.011032662102922619,
    "不同": 0.010142262728174586,
    "统计学分析": 0.009960778283176217,
    "基因": 0.009916285096389714,
    "结论": 0.0098177401105002,
    "活性": 0.00803800010937328,
    "本章": 0.007839057068570049,
    "统计学": 0.007569068001388371,
    "含量": 0.007358487397104253,
    "心肌细胞": 0.007189405859083759,
    "研究内容": 0.0065575203351302975,
    "指标": 0.006449019693152241,
    "测定": 0.006210872823982603,
    "处理": 0.006129259724881651,
    "模型": 0.006016931747520002,
    "抑制": 0.005807677161324037,
    "应用": 0.005755833827656561,
    "关系": 0.005744196043878278,
    "变化": 0.005551554335421879,
    "技术": 0.005471241695726881,
    "前言": 0.0052016902862297215,
    "检测结果": 0.00507907285424839,
    "病毒": 0.004705105896834646,
    "配制": 0.004398606119451044,
    "材料和仪器": 0.004306283097039637,
    "细胞培养": 0.004104510694148057,
    "观察": 0.004094879447333692,
    "论文": 0.004078126731799369,
    "水平": 0.004018589509767238,
    "浓度": 0.003766741241752557,
    "植物": 0.003762468136302386,
    "试验结果": 0.0036775540343075394,
    "研究目的": 0.00364793911611602,
    "免疫": 0.0036423919105748243,
    "临床": 0.003569390680357318,
    "对照组": 0.0035661780146905063,
    "鉴定": 0.003408003980633266,
    "凋亡": 0.0033260231339693187,
    "因子": 0.003318319665353443,
    "相关": 0.0033082293786437403,
    "小鼠": 0.003290993358513839,
    "诱导": 0.003249404299533879,
    "现状": 0.0030897418298610198,
    "荧光": 0.0030783830206110433,
    "实验动物": 0.003059321642163302,
    "研究意义": 0.0030328703489771354,
    "差异": 0.003027849250565753,
    "目的": 0.0030084910429629356,
    "培养": 0.0029972932493608664,
    "通路": 0.0029928723811496255,
    "课题": 0.0029579227804952153,
    "分离": 0.0029204105566559874,
    "资料": 0.0028698980889543288,
    "各组": 0.0027581655257306547,
    "溶液": 0.0027533894779469717,
    "实验材料和方法": 0.002732876316885725,
    "信号": 0.002712387057631028,
    "动物": 0.002595920494805322,
    "定量": 0.002565319183842536,
    "能力": 0.002545762293821575,
    "蛋白质": 0.002519567586213899,
    "合成": 0.0024324733519450114,
    "特性": 0.002356736099772262,
    "肿瘤": 0.002297675815017129,
    "形态学": 0.0022678700275507884,
    "数据选取": 0.002255490675066774,
    "患者": 0.0022520327213918032,
    "步骤": 0.0022220157099021513
  },
  "heading3": {
    "试剂": 0.027845902605679467,
    "实验": 0.025794521406126956,
    "方法": 0.021393587391842696,
    "检测": 0.021343276386878815,
    "仪器": 0.019103158928352813,
    "影响": 0.016985205282343808,
    "蛋白": 0.01599592614978537,
    "分析": 0.015203117315355626,
    "测定": 0.014880967252575223,
    "细胞": 0.014461700699755728,